id,first_name,last_name,age,email,gender,ip_address
1,Paul,Benninck,60,pbenninck0@mysql.com,Male,
2,Debby,Bilbie,76,dbilbie1@comcast.net,Polygender,105.158.61.114
3,Staffard,Sisey,39,ssisey2@unblog.fr,Male,0.194.25.83
4,Drake,Mordan,72,dmordan3@bbb.org,Male,128.89.142.234
5,Nicoli,Francklin,45,nfrancklin4@nifty.com,Polygender,231.87.18.125
6,Babbie,Brosini,28,bbrosini5@tripod.com,Female,242.198.52.225
7,Sutton,Masselin,74,smasselin6@mashable.com,Male,106.138.129.0
8,Kore,Dorkin,7,kdorkin7@friendfeed.com,Female,232.152.217.215
9,Hollis,De la Barre,2,hdelabarre8@dell.com,Male,108.19.122.223
10,Normie,Mattin,13,nmattin9@deliciousdays.com,Genderqueer,223.173.56.252
11,Norri,Charter,58,nchartera@a8.net,Female,100.234.41.219
12,Michal,Lippini,10,mlippinib@google.com.br,Male,219.205.200.125
13,Klemens,Gofford,58,kgoffordc@storify.com,Male,176.151.182.70
14,Sanderson,Croan,25,scroand@comcast.net,Male,242.79.209.45
15,Camilla,Sandwich,100,csandwiche@fema.gov,Female,233.108.241.204
16,Mariel,Chandlar,91,mchandlarf@livejournal.com,Female,54.74.130.192
17,Edward,Radloff,62,eradloffg@cbslocal.com,Non-binary,162.217.235.76
18,Stu,Zukierman,70,szukiermanh@yelp.com,Genderqueer,133.242.103.139
19,Reg,Speenden,81,rspeendeni@dion.ne.jp,Agender,137.193.0.55
20,Onfre,Worvell,54,oworvellj@imdb.com,Male,72.85.237.193
21,Minna,Edens,60,medensk@cam.ac.uk,Female,97.147.62.73
22,Lief,Sidnall,92,lsidnalll@microsoft.com,Male,
23,Dosi,Tytterton,79,dtyttertonm@360.cn,Female,
24,Alvis,Grigoriev,11,agrigorievn@archive.org,Non-binary,133.109.166.211
25,Damita,Stranahan,91,dstranahano@dailymotion.com,Female,151.104.170.187
26,Gayler,Croll,41,gcrollp@bbc.co.uk,Polygender,224.219.90.8
27,Rowland,Bygraves,7,rbygravesq@biglobe.ne.jp,Male,
28,Audie,Glide,89,aglider@tmall.com,Female,
29,Cindee,Kilmurray,39,ckilmurrays@yellowpages.com,Female,
30,Charlotta,Kimbrough,91,ckimbrought@webnode.com,Female,46.11.137.246
31,Mordecai,Sheaf,8,msheafu@exblog.jp,Genderqueer,228.148.190.23
32,Dianemarie,Tyght,74,dtyghtv@joomla.org,Female,255.81.143.240
33,Wandie,Naptin,51,wnaptinw@lulu.com,Female,21.181.102.221
34,Freida,Baraclough,96,fbaracloughx@imdb.com,Female,195.58.55.105
35,Bard,Perche,31,bperchey@hhs.gov,Non-binary,17.147.214.159
36,Aubine,Calbaithe,59,acalbaithez@sfgate.com,Female,
37,Kipper,Jakubiak,68,kjakubiak10@state.tx.us,Male,82.233.37.37
38,Rowe,Ennever,65,rennever11@cdbaby.com,Female,92.11.188.38
39,Merv,Bitterton,81,mbitterton12@4shared.com,Male,108.28.103.252
40,Preston,Young,98,pyoung13@flavors.me,Male,172.129.96.77
41,Lynna,Vonderdell,37,lvonderdell14@amazon.co.uk,Female,79.210.171.28
42,Edwina,Haughan,74,,Agender,50.214.225.156
43,Danny,Busson,18,dbusson16@forbes.com,Male,210.53.249.15
44,Axe,Dukelow,6,adukelow17@europa.eu,Male,230.78.175.223
45,Layne,Macoun,47,lmacoun18@utexas.edu,Female,
46,Gabriela,McNeilley,23,gmcneilley19@umich.edu,Bigender,3.130.131.180
47,Kin,Coyne,54,kcoyne1a@ihg.com,Male,207.141.144.88
48,Horatio,Dahlbom,2,hdahlbom1b@jugem.jp,Male,62.211.125.122
49,Claudine,Atheis,39,catheis1c@icq.com,Female,79.212.18.218
50,Kylila,Dimmick,80,kdimmick1d@liveinternet.ru,Non-binary,80.114.29.182
51,Rudy,Hunstone,66,rhunstone1e@forbes.com,Male,103.205.67.6
52,Bentlee,Espley,89,bespley1f@sohu.com,Male,174.82.155.167
53,Obediah,Baelde,67,obaelde1g@nationalgeographic.com,Male,13.10.21.30
54,Karel,Matessian,98,kmatessian1h@vimeo.com,Male,45.252.205.10
55,Gerladina,Aggiss,96,gaggiss1i@kickstarter.com,Female,157.203.4.198
56,Engracia,Harborow,30,eharborow1j@phpbb.com,Female,119.158.135.244
57,Alyssa,Pheasant,21,apheasant1k@ebay.co.uk,Female,111.55.239.243
58,Rani,Deekes,42,rdeekes1l@irs.gov,Female,
59,Terrie,Birtley,79,tbirtley1m@amazon.com,Female,81.199.251.69
60,Georgi,Shark,87,gshark1n@wordpress.org,Male,176.154.149.7
61,Rick,Justis,42,,Male,40.57.18.154
62,Farlie,Weadick,100,,Bigender,241.44.242.73
63,Hayward,Kolodziejski,61,,Male,
64,Corrie,Saulter,55,csaulter1r@weather.com,Female,214.59.21.222
65,Benni,Pinnick,1,bpinnick1s@admin.ch,Female,197.111.33.154
66,Howey,Lupson,2,hlupson1t@homestead.com,Male,112.54.254.142
67,Elisabet,Domingues,16,,Genderfluid,138.65.135.87
68,Hobey,Janaszkiewicz,66,hjanaszkiewicz1v@answers.com,Male,214.234.129.19
69,Daniela,Jarritt,30,djarritt1w@artisteer.com,Female,
70,Flo,Avramow,10,favramow1x@washington.edu,Female,229.233.56.80
71,Gran,Hintzer,27,ghintzer1y@oracle.com,Male,
72,Ethelyn,Bene,71,ebene1z@feedburner.com,Genderfluid,25.83.84.159
73,Renata,Freckingham,39,,Female,240.134.177.22
74,Kin,Cussen,80,kcussen21@fastcompany.com,Male,96.161.100.37
75,Silvan,Frawley,75,sfrawley22@dropbox.com,Male,143.88.57.13
76,Brittney,Ashdown,62,bashdown23@ft.com,Female,
77,Yolane,Standley,95,ystandley24@census.gov,Female,180.176.195.91
78,Gallagher,Evenett,90,gevenett25@ovh.net,Male,42.56.76.2
79,Marcos,Wyldish,15,mwyldish26@g.co,Polygender,10.115.135.67
80,Patti,Gabala,78,pgabala27@wsj.com,Female,
81,Kiah,Hellen,66,khellen28@prnewswire.com,Female,62.16.224.5
82,Pauline,MacMearty,72,pmacmearty29@nasa.gov,Female,55.227.39.125
83,Haily,Butterfield,95,,Male,104.59.213.122
84,Valry,Garfitt,79,vgarfitt2b@go.com,Female,163.227.5.107
85,Sephira,Killgus,51,skillgus2c@webnode.com,Female,217.45.225.13
86,Germayne,Isacoff,16,gisacoff2d@mediafire.com,Agender,55.215.16.118
87,Lemar,Attrie,85,lattrie2e@xinhuanet.com,Male,244.100.247.228
88,Marmaduke,Kachel,60,mkachel2f@quantcast.com,Male,145.206.25.137
89,Cristionna,Everal,96,ceveral2g@seattletimes.com,Female,92.96.115.66
90,Solly,Ginty,75,sginty2h@scientificamerican.com,Male,205.55.185.162
91,Evan,Pendrid,83,ependrid2i@latimes.com,Male,206.27.225.177
92,Carlye,Hare,85,chare2j@acquirethisname.com,Bigender,100.188.24.41
93,Kaycee,Monget,29,kmonget2k@loc.gov,Female,228.116.96.17
94,Fonsie,Sarll,45,fsarll2l@lycos.com,Male,133.92.69.64
95,Minda,Gueste,77,,Female,220.193.154.12
96,Gates,McRobb,99,gmcrobb2n@oaic.gov.au,Female,95.85.161.60
97,Beckie,Bagley,80,bbagley2o@netlog.com,Female,168.222.179.194
98,Kellia,Cordeux,94,kcordeux2p@tumblr.com,Female,226.31.88.66
99,Johnath,Marrow,38,jmarrow2q@squidoo.com,Female,183.119.126.215
100,Renelle,Milington,85,rmilington2r@accuweather.com,Polygender,158.233.41.242
